{
  "dependencies": {
    "mssql1": {
      "serviceConnectorResourceId": "/subscriptions/[parameters('subscriptionId')]/resourceGroups/[parameters('resourceGroupName')]/providers/Microsoft.Web/sites/jiakpng/providers/Microsoft.ServiceLinker/linkers/ConnectionStringsFYP5_db_460D1CBAF7",
      "secretStore": "AzureAppSettings",
      "resourceId": "/subscriptions/[parameters('subscriptionId')]/resourceGroups/[parameters('resourceGroupName')]/providers/Microsoft.Sql/servers/fyp5dbserver/databases/FYP5_db",
      "type": "mssql.azure",
      "connectionId": "ConnectionStrings:FYP5_db",
      "dynamicId": null
    }
  }
}