{
    "version": "1.0",
    "defaultProvider": "cdnjs",
    "libraries": [
        {
            "library": "popper.js@2.11.8",
            "destination": "wwwroot/lib/bootstrap/",
            "files": [ "umd/popper.js" ]
        },
        {
            "library": "twitter-bootstrap@5.3.1",
            "destination": "wwwroot/lib/bootstrap/",
            "files": [
                "css/bootstrap.min.css", "js/bootstrap.min.js"
            ]
        },
        {
            "library": "jquery@3.7.1",
            "destination": "wwwroot/lib/jquery/",
            "files": [
                "jquery.min.js"
            ]
        },
        {
            "library": "jquery-validation-unobtrusive@4.0.0",
            "destination": "wwwroot/lib/jquery/"
        },
        {
            "library": "jquery-validate@1.19.5",
            "destination": "wwwroot/lib/jquery/",
            "files": [
                "jquery.validate.min.js"
            ]
        }

    ]
}
// Updated 11 Sep 2023